{
	"luci-app-pbr": {
		"description": "Grant UCI and file access for luci-app-pbr",
		"read": {
			"ubus": {
				"luci.pbr": [
					"getGateways",
					"getInitList",
					"getInitStatus",
					"getInterfaces",
					"getPlatformSupport",
					"getUbusInfo"
				]
			},
			"file": {
				"/usr/share/nftables.d/ruleset-post/30-pbr.nft": [
					"read"
				],
				"/var/run/pbr.nft": [
					"read"
				]
			},
			"uci": [
				"pbr"
			]
		},
		"write": {
			"uci": [
				"pbr"
			],
			"ubus": {
				"luci.pbr": [
					"setInitAction"
				]
			}
		}
	}
}
