{
	"admin/services/apinger": {
		"title": "Apinger",
		"order": 90,
		"action": {
			"type": "alias",
			"path": "admin/services/apinger/overview"
		}
	},

	"admin/services/apinger/overview": {
		"title": "Overview",
		"order": 10,
		"action": {
			"type": "view",
			"path": "apinger/overview"
		}
	},

	"admin/services/apinger/graphs": {
		"title": "Graphs",
		"order": 11,
		"action": {
			"type": "view",
			"path": "apinger/graphs"
		}
	},

	"admin/services/apinger/interfaces": {
		"title": "Interfaces",
		"order": 19,
		"action": {
			"type": "view",
			"path": "apinger/interfaces"
		}
	},

	"admin/services/apinger/alarm_down": {
		"title": "Alarm Down",
		"order": 20,
		"action": {
			"type": "view",
			"path": "apinger/alarm_down"
		}
	},

	"admin/services/apinger/alarm_delay": {
		"title": "Alarm Delay",
		"order": 30,
		"action": {
			"type": "view",
			"path": "apinger/alarm_delay"
		}
	},

	"admin/services/apinger/alarm_loss": {
		"title": "Alarm loss",
		"order": 40,
		"action": {
			"type": "view",
			"path": "apinger/alarm_loss"
		}
	},

	"admin/services/apinger/targets": {
		"title": "Targets",
		"order": 90,
		"action": {
			"type": "view",
			"path": "apinger/targets"
		}
	}
}
