{
	"admin/services/lldpd": {
		"title": "LLDP",
		"order": 80,
		"action": {
			"type": "firstchild"
		},
		"depends": {
			"uci": {
				"lldpd": true
			}
		}
	},

	"admin/services/lldpd/status": {
		"title": "Status",
		"order": 10,
		"action": {
			"type": "view",
			"path": "lldpd/status"
		},
		"depends": {
			"acl": [ "luci-app-lldpd-status" ]
		}
	},

	"admin/services/lldpd/config": {
		"title": "Settings",
		"order": 20,
		"action": {
			"type": "view",
			"path": "lldpd/config"
		},
		"depends": {
			"acl": [ "luci-app-lldpd-config" ]
		}
	}
}
