{
	"admin/services/keepalived": {
		"title": "VRRP",
		"order": 1,
		"action": {
			"type": "alias",
			"path": "admin/services/keepalived/globals"
		},
		"depends": {
			"acl": [ "luci-app-keepalived" ]
		}
	},

	"admin/services/keepalived/globals": {
		"title": "Globals",
		"order": 20,
		"action": {
			"type": "view",
			"path": "keepalived/globals"
		}
	},

	"admin/services/keepalived/ipaddress": {
		"title": "IP Address",
		"order": 30,
		"action": {
			"type": "view",
			"path": "keepalived/ipaddress"
		}
	},

	"admin/services/keepalived/route": {
		"title": "Route",
		"order": 40,
		"action": {
			"type": "view",
			"path": "keepalived/route"
		}
	},

	"admin/services/keepalived/url": {
		"title": "URLs",
		"order": 50,
		"action": {
			"type": "view",
			"path": "keepalived/url"
		}
	},

	"admin/services/keepalived/script": {
		"title": "Scripts",
		"order": 80,
		"action": {
			"type": "view",
			"path": "keepalived/script"
		}
	},

	"admin/services/keepalived/track_interface": {
		"title": "Interfaces",
		"order": 90,
		"action": {
			"type": "view",
			"path": "keepalived/track_interface"
		}
	},

	"admin/services/keepalived/peers": {
		"title": "Peers",
		"order": 110,
		"action": {
			"type": "view",
			"path": "keepalived/peers"
		}
	},

	"admin/services/keepalived/vrrp_instance": {
		"title": "Instance",
		"order": 110,
		"action": {
			"type": "view",
			"path": "keepalived/vrrp_instance"
		}
	},

	"admin/services/keepalived/servers": {
		"title": "Servers",
		"order": 120,
		"action": {
			"type": "view",
			"path": "keepalived/servers"
		}
	},

	"admin/services/keepalived/vrrp_sync_group": {
		"title": "Sync Group",
		"order": 140,
		"action": {
			"type": "view",
			"path": "keepalived/vrrp_sync_group"
		}
	},

	"admin/services/keepalived/notification": {
		"title": "Notification",
		"order": 150,
		"action": {
			"type": "view",
			"path": "keepalived/notification"
		}
	},

	"admin/status/keepalived": {
		"title": "VRRP",
		"order": 10,
		"action": {
			"type": "view",
			"path": "keepalived/overview"
		},
		"depends": {
			"acl": [ "luci-app-keepalived" ]
		}
	}
}
