{
	"admin/status/dawn": {
		"title": "DAWN",
		"order": 60,
		"action": {
			"type": "firstchild"
		},
		"depends": {
			"acl": [ "luci-app-dawn" ]
		}
	},

	"admin/status/dawn/network_overview": {
		"title": "Network Overview",
		"order": 1,
		"action": {
			"type": "view",
			"path": "status/dawn/network_overview"
		}
	},

	"admin/status/dawn/hearing_map": {
		"title": "Hearing Map",
		"order": 2,
		"action": {
			"type": "view",
			"path": "status/dawn/hearing_map"
		}
	},

	"admin/network/dawn": {
		"title": "DAWN",
		"order": 60,
		"action": {
			"type": "view",
			"path": "network/dawn"
		},
		"depends": {
			"acl": [ "luci-app-dawn" ]
		}
	}
}
