{
	"olsr": {
		"title": "OLSR",
		"order": 9,
		"action": {
			"type": "firstchild"
		}
	},
	"olsr/neighbours": {
		"title": "Neighbours",
		"order": 15,
		"action": {
			"type": "view",
			"path": "olsr/status-olsr/neighbors"
		}
	},
	"olsr/routes": {
		"title": "Routes",
		"order": 20,
		"action": {
			"type": "view",
			"path": "olsr/status-olsr/routes"
		}
	},
	"olsr/topology": {
		"title": "Topology",
		"order": 25,
		"action": {
			"type": "view",
			"path": "olsr/status-olsr/topology"
		}
	},
	"olsr/hna": {
		"title": "HNA",
		"order": 30,
		"action": {
			"type": "view",
			"path": "olsr/status-olsr/hna"
		}
	},
	"olsr/mid": {
		"title": "MID",
		"order": 35,
		"action": {
			"type": "view",
			"path": "olsr/status-olsr/mid"
		}
	},
	"olsr/interface": {
		"title": "Interface",
		"order": 35,
		"action": {
			"type": "view",
			"path": "olsr/status-olsr/interfaces"
		}
	},
	"olsr/smartgw": {
		"title": "SmartGW",
		"order": 40,
		"action": {
			"type": "view",
			"path": "olsr/status-olsr/smartgw"
		}
	},
	"olsr/error_olsr": {
		"order": 45,
		"action": {
			"type": "view",
			"path": "olsr/status-olsr/error_olsr"
		}
	}
}
