{
	"luci-mod-dashboard-routes": {
		"description": "Grant access to the system route status",
		"read": {
			"ubus": {
				"file": [ "exec" ]
			}
		}
	},

	"luci-mod-dashboard-index": {
		"description": "Grant access to main status display",
		"read": {
			"file": {
				"/www/luci-static/resources/view/status/include": [ "list" ]
			},
			"ubus": {
				"file": [ "list", "read" ],
				"luci": [ "getUnixtime" ],
				"system": [ "board", "info" ]
			}
		}
	},

	"luci-mod-dashboard-index-dhcp": {
		"description": "Grant access to DHCP status display",
		"read": {
			"ubus": {
				"luci-rpc": [ "getDHCPLeases" ]
			}
		}
	},

	"luci-mod-dashboard-index-wifi": {
		"description": "Grant access to wireless status display",
		"read": {
			"ubus": {
				"iwinfo": [ "assoclist" ]
			}
		}
	}
}
